Tên sản phẩm,Giá,Link sản phẩm
Micro thu âm không dây GoChek Ultra S25 Pro,"3,100,000₫",https://gochek.vn/products/micro-thu-am-khong-day-gochek-ultra-s25-pro
Đầu chuyển đổi từ Lightning sang Type-C cho mic thu âm không dây GoChek,"70,000₫",https://gochek.vn/products/dau-chuyen-doi-tu-lightning-sang-type-c-cho-mic-thu-am-khong-day-gochek
Micro thu âm không dây GoChek Ultra S25,"2,450,000₫",https://gochek.vn/products/micro-thu-am-khong-day-gochek-ultra-s25
GoChek LivePro G1,"686,000₫",https://gochek.vn/products/gochek-livepro-g1
Tai nghe không dây GoChek SpaceX S-1000,"1,150,000₫",https://gochek.vn/products/tai-nghe-khong-day-gochek-spacex-s1000
Cáp chuyển đổi hỗ trợ sạc và kết nối mic GoChek,"150,000₫",https://gochek.vn/products/cap-chuyen-doi-ho-tro-sac-va-ket-noi-mic-gochek
Micro thu âm không dây GoChek S23,"650,000₫",https://gochek.vn/products/micro-thu-am-khong-day-gochek-s23
Micro thu âm không dây GoChek Ultra S24,"890,000₫",https://gochek.vn/products/micro-thu-am-khong-day-gochek-ultra-s24
Gậy chụp ảnh 3 chân GoChek S140,"270,000₫",https://gochek.vn/products/gay-chup-anh-3-chan-gochek-s140
Đầu chuyển đổi chữ L từ type C qua các thiết bị khác,"90,000₫",https://gochek.vn/products/dau-chuyen-chu-l-cho-mic-thu-am-gochek
Củ sạc GoChek A9 5W,"120,000₫",https://gochek.vn/products/cu-sac-gochek-5w
Micro GoChek Ultra Plus cho máy ảnh và điện thoại,"1,460,000₫",https://gochek.vn/products/mic-thu-am-khong-day-gochek-ultra-plus
Gậy chụp ảnh GoChek SS100 2m2,"450,000₫",https://gochek.vn/products/gay-chup-anh-4-chan-gochek-ss100
Tai nghe GoChek SpaceX E1000,"225,000₫",https://gochek.vn/products/tai-nghe-chup-tai-chong-on-bluetooth-gochek-space-x
Đầu chuyển đổi Type C sang USB cho mic thu âm không dây GoChek,"70,000₫",https://gochek.vn/products/dau-chuyen-type-c-sang-usb-dung-cho-mic-thu-am-gochek
Sản phẩm nổi bật ngày hôm nay,Liên hệ,https://gochek.vn/pages/about-us
Câu hỏi thường gặp,Liên hệ,
